Timestamp,ToDo,Summary,Conversation Text,Word Count,Sentiment Score
7/9/2024 10:00,Review Q2 performance,review project strategy discussion discussion meeting strategy review discussion update,report project strategy sales report project planning sales performance performance,10,-0.432671851
7/9/2024 10:30,Review Q2 performance,sales update review performance discussion report project report,report sales discussion sales planning,5,-0.573997964
7/9/2024 11:00,Analyze market trends,update review review sales meeting performance performance,meeting review meeting planning planning,5,0.468352531
7/9/2024 11:30,Follow up with client,strategy meeting performance sales update report meeting meeting,project strategy report meeting meeting report project report,8,0.480994774
7/9/2024 12:00,Prepare sales report,project meeting review report review review project,planning meeting project meeting planning strategy review,7,0.637465838
7/9/2024 12:30,Team meeting,planning discussion report strategy meeting review,meeting performance performance review report meeting update,7,0.401316773
7/9/2024 13:00,Plan strategy session,discussion discussion performance review update planning discussion project,update meeting report strategy performance performance performance planning sales,9,0.352113563
7/9/2024 13:30,Team meeting,meeting meeting sales update review update review meeting project review,sales discussion strategy strategy update update strategy meeting update review,10,-0.021209927
7/9/2024 14:00,Team meeting,sales report strategy meeting planning,discussion project update update discussion discussion discussion update performance,9,-0.24362115
7/9/2024 14:30,Prepare presentation,planning strategy review update review meeting update planning performance,update discussion meeting planning planning performance sales report,8,0.273411587
7/9/2024 15:00,Team meeting,report project update review update report sales meeting update update,planning discussion report update strategy sales report,7,0.640610407
7/9/2024 15:30,Update project documentation,report update strategy strategy meeting performance sales performance,meeting report performance strategy strategy performance update sales,8,0.175506878
7/9/2024 16:00,Prepare sales report,review update performance project report update project,meeting strategy performance sales planning project report planning,8,0.754509896
7/9/2024 16:30,Prepare presentation,performance project update performance project,discussion review project update discussion strategy meeting planning performance,9,-0.826986983
7/9/2024 17:00,Client meeting,update review update planning discussion meeting,performance report strategy planning sales review sales report,8,-0.159064691
7/9/2024 17:30,Team meeting,sales discussion meeting review strategy review strategy,planning review meeting update report,5,-0.359810277
7/9/2024 18:00,Client meeting,strategy review review strategy strategy,review strategy review discussion performance report review planning,8,-0.778167728
7/9/2024 18:30,Client meeting,meeting sales discussion review report performance discussion planning,project review strategy report project discussion strategy review sales,9,-0.190887545
7/9/2024 19:00,Analyze market trends,report meeting performance review meeting update,sales project update sales report meeting,6,-0.428638822
7/9/2024 19:30,Discuss project updates,sales project discussion update sales performance,meeting sales performance update report planning discussion sales,8,-0.27933145
7/9/2024 20:00,Review Q2 performance,performance strategy strategy project performance review project,update meeting sales report discussion update,6,-0.810247192
7/9/2024 20:30,Client meeting,sales sales update discussion project meeting review performance performance meeting,planning strategy project discussion discussion sales report,7,-0.192314998
7/9/2024 21:00,Follow up with client,strategy report review performance meeting meeting report meeting project,meeting performance strategy strategy update performance strategy sales,8,0.305480551
7/9/2024 21:30,Prepare sales report,update planning planning sales update planning sales strategy planning performance,project meeting sales discussion discussion discussion report report planning,9,-0.27233415
7/9/2024 22:00,Plan strategy session,update performance sales strategy review strategy sales project strategy discussion,report performance report review project performance meeting planning,8,-0.620140329
7/9/2024 22:30,Team meeting,discussion planning strategy report discussion project project discussion strategy update,discussion planning performance update review report meeting,7,-0.886816751
7/9/2024 23:00,Analyze market trends,sales meeting sales planning planning project report meeting discussion report,project meeting performance performance report,5,-0.077405892
7/9/2024 23:30,Team meeting,sales meeting review report strategy sales performance planning planning meeting,project sales strategy update project project strategy project performance,9,0.258369243
7/10/2024 0:00,Team meeting,sales performance meeting meeting meeting discussion,planning sales review project strategy strategy strategy performance report strategy,10,-0.782864189
7/10/2024 0:30,Prepare presentation,review update discussion performance review discussion,sales sales update update planning report discussion,7,-0.14070757
7/10/2024 1:00,Plan strategy session,meeting review update performance planning performance project,strategy planning update update sales strategy,6,0.354484983
7/10/2024 1:30,Prepare sales report,performance discussion planning strategy strategy,strategy review project sales performance report sales,7,-0.587308556
7/10/2024 2:00,Plan strategy session,review planning strategy discussion report review meeting,performance performance sales performance planning performance report,7,0.510760689
7/10/2024 2:30,Team meeting,strategy update strategy sales update review meeting strategy planning project,planning project meeting sales update project performance,7,-0.709916356
7/10/2024 3:00,Analyze market trends,strategy planning project update discussion,sales report meeting report strategy update project planning strategy discussion,10,0.2108769
7/10/2024 3:30,Plan strategy session,project review meeting planning review report review,strategy sales performance strategy planning update report project sales update,10,-0.460096157
7/10/2024 4:00,Review Q2 performance,report sales sales strategy update strategy update strategy review performance,review review report update planning performance,6,-0.937061021
7/10/2024 4:30,Team meeting,discussion meeting update meeting strategy update strategy performance,update discussion planning update planning,5,0.619938513
7/10/2024 5:00,Analyze market trends,report planning project project planning strategy meeting project,review report report discussion meeting,5,0.258704908
7/10/2024 5:30,Update project documentation,planning planning report discussion report sales update performance,sales report report review sales strategy strategy,7,-0.191818443
7/10/2024 6:00,Update project documentation,report meeting update sales discussion review report meeting,discussion planning strategy performance review strategy performance,7,0.344858754
7/10/2024 6:30,Prepare sales report,meeting strategy project strategy planning planning performance discussion meeting strategy,performance meeting project planning report performance,6,-0.137299979
7/10/2024 7:00,Update project documentation,performance update planning performance discussion meeting discussion,performance project review project report sales review,7,-0.013964027
7/10/2024 7:30,Prepare presentation,review strategy update review meeting review discussion sales,strategy strategy report planning update,5,-0.123107006
7/10/2024 8:00,Client meeting,project report strategy strategy review,update strategy performance project discussion strategy strategy performance,8,-0.741777854
7/10/2024 8:30,Discuss project updates,strategy update discussion meeting planning strategy sales,project planning report planning review discussion,6,-0.94238732
7/10/2024 9:00,Follow up with client,meeting update meeting meeting update discussion report project project,sales review meeting project report review,6,-0.526483923
7/10/2024 9:30,Review Q2 performance,performance discussion project performance project sales,report sales meeting planning strategy,5,-0.864543804
7/10/2024 10:00,Update project documentation,project project meeting sales report performance sales,review review review discussion update sales meeting discussion,8,-0.9526484
7/10/2024 10:30,Review Q2 performance,planning planning sales update project update project,project strategy review project discussion meeting update,7,-0.015512851
7/10/2024 11:00,Prepare presentation,sales update sales project update strategy discussion strategy report review,project project planning project sales strategy project discussion meeting,9,0.603015835
7/10/2024 11:30,Prepare sales report,performance update update update review project strategy planning review,report planning sales sales performance planning meeting,7,0.884086569
7/10/2024 12:00,Client meeting,discussion meeting discussion update discussion planning update review sales,project planning meeting performance report planning sales,7,-0.874852535
7/10/2024 12:30,Prepare sales report,review meeting update discussion review sales,sales performance report strategy performance review review meeting,8,-0.980000903
7/10/2024 13:00,Client meeting,performance planning project meeting update report review discussion update,meeting strategy performance project sales,5,0.955898165
7/10/2024 13:30,Client meeting,meeting sales report performance report update meeting,performance project planning update performance,5,0.19138104
7/10/2024 14:00,Client meeting,review meeting strategy sales meeting sales meeting report report,sales planning sales project meeting sales review,7,0.372785921
7/10/2024 14:30,Follow up with client,discussion report strategy strategy performance sales strategy,project discussion planning update performance project,6,-0.035206013
7/10/2024 15:00,Analyze market trends,report project meeting project update,discussion report update performance project strategy planning strategy update,9,-0.718552285
7/10/2024 15:30,Update project documentation,strategy discussion planning performance performance,update sales report report review,5,-0.149625307
7/10/2024 16:00,Discuss project updates,review planning report report strategy discussion discussion sales,project review project meeting discussion update strategy planning discussion,9,0.005114043
7/10/2024 16:30,Plan strategy session,strategy review project meeting project,sales update discussion project project discussion project discussion sales,9,-0.200030117
7/10/2024 17:00,Discuss project updates,strategy sales project project review project,report meeting sales planning project review meeting review,8,-0.588441429
7/10/2024 17:30,Prepare presentation,discussion report review strategy discussion review project meeting,planning planning review meeting strategy sales sales strategy meeting report,10,0.551172078
7/10/2024 18:00,Review Q2 performance,report report sales review review strategy update planning,project project strategy performance planning review discussion sales,8,0.200244964
7/10/2024 18:30,Analyze market trends,review strategy performance report sales report performance,review report update discussion sales strategy review performance update,9,-0.114496496
7/10/2024 19:00,Prepare sales report,strategy strategy performance sales project project meeting,review update performance report update,5,0.968066548
7/10/2024 19:30,Update project documentation,report sales project performance meeting update planning meeting,performance report project strategy sales,5,0.030998411
7/10/2024 20:00,Plan strategy session,discussion update report sales discussion report,sales discussion review discussion planning,5,0.349967561
7/10/2024 20:30,Discuss project updates,report discussion strategy report meeting,meeting review project report discussion project planning performance project performance,10,0.421668697
7/10/2024 21:00,Update project documentation,performance meeting report strategy update,meeting review discussion report sales sales project strategy update,9,-0.667199493
7/10/2024 21:30,Prepare presentation,update project meeting meeting planning performance performance,report sales planning report project planning,6,0.620812619
7/10/2024 22:00,Plan strategy session,performance performance strategy review report discussion update performance report,project update discussion discussion update,5,0.09050026
7/10/2024 22:30,Team meeting,strategy discussion meeting performance update performance planning strategy planning,meeting discussion review meeting discussion planning review performance discussion,9,-0.327962439
7/10/2024 23:00,Discuss project updates,report planning project update strategy discussion discussion sales planning,project report report sales update planning performance update report,9,0.560100662
7/10/2024 23:30,Prepare sales report,planning update discussion discussion meeting review performance sales planning strategy,sales strategy performance meeting sales,5,-0.672177365
7/11/2024 0:00,Follow up with client,project strategy sales performance strategy project planning,report project strategy discussion meeting meeting,6,-0.193803621
7/11/2024 0:30,Client meeting,review review project update strategy,sales project project sales sales meeting,6,0.214179697
7/11/2024 1:00,Prepare presentation,discussion discussion strategy review update discussion,discussion performance performance report project sales discussion,7,-0.808228014
7/11/2024 1:30,Follow up with client,update sales strategy update report report,update meeting report performance project report review discussion,8,0.371355256
7/11/2024 2:00,Team meeting,review meeting project discussion planning project meeting report strategy discussion,performance strategy report meeting update performance meeting,7,0.169320105
7/11/2024 2:30,Review Q2 performance,update performance review performance sales planning review discussion,discussion review strategy meeting sales,5,0.565530835
7/11/2024 3:00,Discuss project updates,update report discussion report strategy performance meeting strategy discussion,project performance report update meeting,5,-0.727834218
7/11/2024 3:30,Prepare presentation,update strategy project project project review report planning,discussion discussion strategy review review sales discussion,7,-0.827748384
7/11/2024 4:00,Discuss project updates,performance strategy performance sales project project sales,report sales strategy planning planning planning report review performance discussion,10,-0.61904195
7/11/2024 4:30,Update project documentation,project meeting review update review meeting performance,performance discussion update update review,5,-0.224697976
7/11/2024 5:00,Prepare presentation,project update update update discussion sales,project update project planning report strategy project strategy,8,0.18156335
7/11/2024 5:30,Follow up with client,discussion project performance planning strategy report performance performance report planning,report report sales update project sales review discussion,8,-0.151395264
7/11/2024 6:00,Review Q2 performance,strategy planning strategy planning update strategy update planning meeting review,review strategy update planning update,5,0.93969099
7/11/2024 6:30,Prepare presentation,sales update sales project meeting sales sales review,sales review discussion discussion update discussion,6,0.423917465
7/11/2024 7:00,Follow up with client,meeting sales review planning planning,project update discussion meeting strategy report discussion report,8,0.411861466
7/11/2024 7:30,Prepare sales report,sales meeting meeting sales update,sales planning strategy planning report,5,-0.444659816
7/11/2024 8:00,Client meeting,review performance review discussion project performance performance,meeting review review sales update,5,0.417830873
7/11/2024 8:30,Review Q2 performance,update performance discussion project project project,project performance review performance meeting strategy strategy performance project,9,-0.966601518
7/11/2024 9:00,Plan strategy session,planning review update meeting discussion,review planning meeting report report performance report performance,8,0.491992143
7/11/2024 9:30,Analyze market trends,project report report planning discussion discussion,review discussion strategy sales sales performance planning,7,0.848482379
7/11/2024 10:00,Review Q2 performance,performance update meeting discussion report performance project strategy meeting planning,sales project report project discussion sales project performance,8,-0.192050177
7/11/2024 10:30,Analyze market trends,review update meeting meeting sales,strategy project discussion report meeting sales update discussion update,9,-0.217917482
7/11/2024 11:00,Prepare presentation,performance discussion review report strategy project report planning,report review report update meeting meeting,6,0.703371988
7/11/2024 11:30,Update project documentation,project planning project strategy update strategy planning,planning sales review meeting update project report review,8,-0.452300737
7/11/2024 12:00,Team meeting,update project meeting report report sales discussion discussion meeting performance,project review discussion strategy planning review discussion,7,-0.098342593
7/11/2024 12:30,Prepare presentation,project discussion planning sales update review project project performance discussion,performance planning sales planning performance project sales discussion performance strategy,10,0.03803963
7/11/2024 13:00,Prepare sales report,update discussion planning sales report discussion strategy update review,review update strategy report performance sales planning sales,8,-0.801488362
7/11/2024 13:30,Client meeting,strategy review performance sales review strategy meeting,performance performance report performance sales,5,0.809472577
7/11/2024 14:00,Client meeting,review performance review performance sales performance strategy sales,review update update discussion discussion strategy planning strategy meeting sales,10,-0.240886268
7/11/2024 14:30,Discuss project updates,performance sales update meeting performance performance meeting meeting strategy report,performance meeting report review meeting,5,0.9627713
7/11/2024 15:00,Client meeting,report performance meeting report discussion project sales sales report planning,discussion review strategy sales planning performance performance discussion,8,0.000428425
7/11/2024 15:30,Review Q2 performance,sales strategy strategy project sales,discussion report review update strategy project,6,-0.88197433
7/11/2024 16:00,Review Q2 performance,update performance update meeting review review performance update,strategy strategy project strategy discussion,5,0.749913633
7/11/2024 16:30,Review Q2 performance,discussion discussion performance meeting sales,strategy planning project review strategy strategy meeting sales strategy,9,-0.182937508
7/11/2024 17:00,Analyze market trends,planning review performance review report sales discussion performance,update update planning planning report,5,0.702479347
7/11/2024 17:30,Discuss project updates,report review update performance performance report strategy performance planning,discussion project report discussion review sales sales sales,8,0.132812392
7/11/2024 18:00,Discuss project updates,report project sales discussion project project sales,strategy report sales review report sales project,7,0.693310355
7/11/2024 18:30,Client meeting,discussion planning planning sales performance,strategy review planning project review,5,0.433577136
7/11/2024 19:00,Analyze market trends,update performance review sales report planning performance,performance meeting strategy project sales,5,-0.669763928
7/11/2024 19:30,Prepare presentation,planning performance report discussion planning planning,meeting performance performance update performance strategy review planning planning,9,0.457547723
7/11/2024 20:00,Prepare presentation,review planning planning planning discussion report sales strategy discussion,sales strategy update planning meeting meeting meeting sales,8,-0.880809932
7/11/2024 20:30,Review Q2 performance,performance discussion sales review review sales,project project meeting planning meeting update strategy review project,9,0.268825381
7/11/2024 21:00,Prepare presentation,meeting strategy performance sales update performance review,performance meeting update strategy meeting,5,-0.172825854
7/11/2024 21:30,Update project documentation,update report review project review report sales planning,report project planning planning planning meeting review update,8,0.906673606
7/11/2024 22:00,Follow up with client,project review performance discussion planning,meeting strategy project meeting report sales project update,8,-0.193635793
7/11/2024 22:30,Team meeting,meeting report update meeting discussion sales report meeting update project,update review strategy report planning discussion,6,0.488402932
7/11/2024 23:00,Follow up with client,performance project report discussion report,review project update report meeting strategy discussion strategy,8,-0.285125599
7/11/2024 23:30,Prepare sales report,report review performance review report review,project sales meeting discussion planning planning update planning strategy,9,-0.78840529
7/12/2024 0:00,Discuss project updates,project meeting report review performance update planning report sales planning,planning update update review review review sales update,8,-0.16460294
7/12/2024 0:30,Update project documentation,strategy review update discussion review report sales,performance sales review performance project update meeting planning report,9,-0.679132322
7/12/2024 1:00,Plan strategy session,planning project sales review update review discussion review meeting,report meeting project strategy sales project,6,0.747322364
7/12/2024 1:30,Team meeting,sales discussion sales strategy discussion review project,report planning review sales review planning,6,-0.390974165
7/12/2024 2:00,Prepare sales report,strategy project project project update discussion meeting sales planning report,planning review sales review performance meeting,6,-0.867879051
7/12/2024 2:30,Update project documentation,performance report project sales review,performance update project meeting report,5,0.232245712
7/12/2024 3:00,Prepare presentation,review strategy project review review strategy update,sales review review strategy report report sales strategy report update,10,0.028266226
7/12/2024 3:30,Team meeting,review performance project strategy sales,sales report strategy performance update discussion sales review update,9,0.914797588
7/12/2024 4:00,Review Q2 performance,report performance report review sales discussion update,discussion performance project meeting strategy,5,-0.617593903
7/12/2024 4:30,Team meeting,update meeting project project project discussion,review sales update meeting review,5,-0.798496095
7/12/2024 5:00,Prepare sales report,planning review project strategy report update discussion report,sales project update discussion performance meeting discussion,7,-0.245133761
7/12/2024 5:30,Discuss project updates,sales strategy meeting update project update strategy report update review,report sales strategy planning update planning,6,0.80705715
7/12/2024 6:00,Update project documentation,report planning discussion project sales strategy performance review,meeting discussion review strategy discussion performance review,7,-0.92061677
7/12/2024 6:30,Analyze market trends,sales project review planning meeting project strategy,report report review performance update report review strategy sales,9,0.517125086
7/12/2024 7:00,Prepare sales report,update performance meeting meeting report strategy,meeting project performance report review,5,0.433408315
7/12/2024 7:30,Analyze market trends,review review performance meeting report review,meeting review sales project strategy strategy,6,0.684252887
7/12/2024 8:00,Follow up with client,meeting performance performance sales update planning meeting report performance planning,strategy sales project update strategy strategy strategy update sales discussion,10,-0.65365223
7/12/2024 8:30,Update project documentation,planning report project performance review,project sales planning meeting project report review strategy,8,0.25323143
7/12/2024 9:00,Review Q2 performance,discussion performance project review strategy planning report sales report review,project report performance performance meeting strategy project strategy,8,-0.513681968
7/12/2024 9:30,Review Q2 performance,report discussion project report report performance planning planning update performance,report meeting discussion project review update performance performance sales performance,10,0.281309313
7/12/2024 10:00,Client meeting,report project strategy sales sales meeting meeting strategy discussion update,meeting report sales project discussion planning strategy discussion,8,0.427798775
7/12/2024 10:30,Review Q2 performance,update performance performance update planning performance discussion performance,sales planning project project performance discussion project planning project,9,0.926503294
7/12/2024 11:00,Client meeting,report review planning performance review,update discussion planning strategy update strategy,6,-0.644962126
7/12/2024 11:30,Prepare presentation,strategy planning performance project update strategy project project update,sales update performance project strategy performance meeting,7,0.172629394
7/12/2024 12:00,Prepare sales report,report update planning meeting planning,planning sales update discussion planning planning discussion,7,0.811671605
7/12/2024 12:30,Review Q2 performance,planning update performance strategy project report report,planning planning discussion report performance,5,-0.463226744
7/12/2024 13:00,Client meeting,report discussion project meeting review sales update review performance discussion,update update sales performance sales report report performance,8,-0.002376555
7/12/2024 13:30,Analyze market trends,strategy meeting review update review strategy report report planning,report review review sales performance sales discussion strategy,8,-0.596408824
7/12/2024 14:00,Analyze market trends,review sales report update project,sales performance update review performance meeting,6,-0.830689978
7/12/2024 14:30,Prepare presentation,planning discussion meeting project sales meeting strategy performance project,strategy update meeting report update sales sales meeting meeting review,10,0.529569076
7/12/2024 15:00,Plan strategy session,review review sales planning update performance update report,discussion update update review sales discussion report meeting,8,-0.850474064
7/12/2024 15:30,Prepare presentation,report sales update project sales sales discussion discussion,report strategy meeting review update meeting project discussion,8,0.999694719
7/12/2024 16:00,Plan strategy session,project review planning performance sales sales sales strategy project performance,sales strategy strategy strategy report strategy planning update,8,-0.254190391
7/12/2024 16:30,Client meeting,review planning performance strategy discussion report,performance discussion sales report review,5,-0.481395932
7/12/2024 17:00,Follow up with client,update update planning performance project,meeting sales report project update update,6,-0.957275225
7/12/2024 17:30,Prepare sales report,planning update report meeting review,report performance update meeting strategy meeting update discussion,8,-0.254557004
7/12/2024 18:00,Discuss project updates,review planning report planning sales,project sales discussion update project performance performance,7,-0.384305624
7/12/2024 18:30,Client meeting,report report performance project review,discussion report sales review strategy meeting discussion planning,8,-0.397364032
7/12/2024 19:00,Client meeting,performance sales sales performance meeting meeting review,update update performance project meeting review planning performance planning project,10,-0.952978543
7/12/2024 19:30,Review Q2 performance,strategy strategy review planning report discussion discussion,sales discussion report project sales performance,6,-0.805058729
7/12/2024 20:00,Discuss project updates,update report review planning planning update update report,discussion performance project update discussion,5,0.569875516
7/12/2024 20:30,Prepare presentation,update discussion review update meeting discussion meeting discussion,discussion strategy meeting performance sales discussion sales strategy project,9,0.956294625
7/12/2024 21:00,Review Q2 performance,meeting review meeting meeting review update,discussion meeting review review performance project,6,0.731493516
7/12/2024 21:30,Client meeting,update update strategy meeting meeting discussion strategy sales,discussion meeting report report project review planning update discussion,9,-0.705206662
7/12/2024 22:00,Prepare sales report,sales meeting update planning project project discussion planning meeting,discussion planning report sales strategy discussion report planning,8,0.418308923
7/12/2024 22:30,Team meeting,project discussion report meeting meeting performance,discussion strategy sales report review update planning,7,-0.391937545
7/12/2024 23:00,Client meeting,sales strategy performance update meeting update project report,sales planning report strategy sales review,6,0.391141232
7/12/2024 23:30,Update project documentation,meeting discussion sales strategy review report strategy,strategy discussion sales performance strategy,5,0.782755103
7/13/2024 0:00,Client meeting,meeting project discussion review report meeting,performance update update meeting update discussion report,7,0.330543938
7/13/2024 0:30,Prepare sales report,strategy meeting strategy sales report project discussion update review performance,meeting review review report sales sales performance,7,-0.050857518
7/13/2024 1:00,Review Q2 performance,sales sales update discussion project,strategy planning performance sales performance performance,6,-0.545746637
7/13/2024 1:30,Prepare presentation,review meeting strategy report strategy meeting discussion meeting performance project,review sales review sales sales,5,0.207553996
7/13/2024 2:00,Team meeting,report update performance meeting update review review,performance review discussion project discussion update,6,-0.319471368
7/13/2024 2:30,Discuss project updates,report discussion meeting planning discussion,planning meeting update report sales sales sales,7,0.343966602
7/13/2024 3:00,Prepare sales report,discussion performance sales update planning sales planning discussion review,project planning review planning strategy strategy discussion,7,0.651431614
7/13/2024 3:30,Update project documentation,report discussion review sales strategy meeting,discussion strategy report discussion planning sales review sales performance,9,-0.533746053
7/13/2024 4:00,Client meeting,discussion discussion update project sales strategy,report sales project planning review report sales project meeting update,10,0.563515939
7/13/2024 4:30,Prepare sales report,review meeting strategy report sales discussion performance update,performance update review meeting strategy,5,-0.671825098
7/13/2024 5:00,Client meeting,update sales update performance meeting,planning update performance review update review performance project,8,-0.575482101
7/13/2024 5:30,Prepare sales report,review report report review report discussion meeting discussion,report planning discussion update strategy,5,0.393528414
7/13/2024 6:00,Analyze market trends,meeting project planning report sales strategy strategy discussion,strategy strategy report discussion meeting update,6,-0.516696156
7/13/2024 6:30,Prepare presentation,review planning project planning meeting,performance update planning performance discussion discussion review,7,-0.101141358
7/13/2024 7:00,Prepare presentation,performance sales performance update meeting meeting strategy performance report,strategy discussion strategy performance strategy discussion update performance,8,-0.378627043
7/13/2024 7:30,Analyze market trends,review report planning planning planning,meeting report sales report planning discussion,6,0.9918248
7/13/2024 8:00,Team meeting,update sales strategy discussion strategy discussion strategy,planning report meeting report planning update,6,-0.243109796
7/13/2024 8:30,Update project documentation,discussion update performance project planning strategy performance report,performance performance planning strategy performance,5,0.677632943
7/13/2024 9:00,Review Q2 performance,strategy project report sales sales,sales update sales project update discussion project report,8,0.412153022
7/13/2024 9:30,Client meeting,update review review performance planning update sales,update update sales discussion performance,5,-0.559330269
7/13/2024 10:00,Prepare presentation,report performance performance discussion report review,report performance report sales review strategy planning sales,8,0.462869237
7/13/2024 10:30,Client meeting,performance meeting project performance discussion update,planning performance strategy update discussion meeting,6,0.323843495
7/13/2024 11:00,Client meeting,performance update discussion planning meeting planning review review,meeting project performance discussion discussion meeting,6,-0.88800791
7/13/2024 11:30,Review Q2 performance,review performance meeting project report,report project strategy report sales performance strategy update strategy,9,0.802942616
7/13/2024 12:00,Team meeting,performance update discussion project strategy,update update strategy discussion project planning,6,-0.354090873
7/13/2024 12:30,Team meeting,report review planning review meeting sales performance strategy discussion,review project planning review performance sales performance performance report review,10,-0.789933539
7/13/2024 13:00,Discuss project updates,sales review meeting project sales meeting update review planning,report sales performance sales update update review discussion,8,0.523406289
7/13/2024 13:30,Prepare sales report,performance meeting project report project sales performance strategy,planning planning performance review performance,5,-0.543464632
7/13/2024 14:00,Prepare sales report,review review meeting discussion discussion report planning project sales discussion,update planning meeting planning discussion strategy,6,0.476811605
7/13/2024 14:30,Review Q2 performance,planning strategy project meeting update performance performance review report project,sales strategy project sales meeting sales update review review,9,0.447821891
7/13/2024 15:00,Follow up with client,meeting planning sales discussion planning sales,update discussion project discussion update review discussion,7,-0.500715902
7/13/2024 15:30,Client meeting,discussion update report strategy report discussion review strategy sales project,meeting planning planning sales performance update project,7,0.902904915
7/13/2024 16:00,Follow up with client,sales discussion report sales strategy discussion,planning sales review report review project project planning report,9,-0.376498851
7/13/2024 16:30,Prepare presentation,planning project sales strategy meeting project,project planning sales project update,5,0.314359244
7/13/2024 17:00,Team meeting,planning planning meeting meeting meeting strategy discussion planning,update discussion project report discussion report strategy report report,9,-0.725667086
7/13/2024 17:30,Discuss project updates,review discussion planning meeting sales,strategy update report strategy review,5,0.724905299
7/13/2024 18:00,Plan strategy session,meeting discussion discussion update sales review performance performance strategy strategy,project review update planning project strategy strategy,7,0.22161794
7/13/2024 18:30,Prepare sales report,update review project review project update discussion,discussion discussion discussion planning report,5,-0.073343054
7/13/2024 19:00,Team meeting,sales report meeting project update sales,sales report meeting discussion planning strategy update sales meeting planning,10,-0.054161776
7/13/2024 19:30,Follow up with client,discussion discussion review review sales,meeting report update discussion sales project review,7,-0.317238045
7/13/2024 20:00,Plan strategy session,review update project update report performance strategy performance sales strategy,strategy report report strategy strategy planning update,7,-0.515879994
7/13/2024 20:30,Client meeting,discussion sales meeting project meeting meeting,update project performance review review review performance report planning,9,-0.881864754
7/13/2024 21:00,Prepare sales report,sales strategy project planning review sales discussion sales,sales strategy sales planning project review report planning report,9,0.150169908
7/13/2024 21:30,Prepare presentation,update strategy sales project strategy,planning planning sales meeting planning,5,0.822261194
7/13/2024 22:00,Prepare presentation,review review meeting project review sales planning discussion,report report project report performance strategy,6,-0.154602628
7/13/2024 22:30,Follow up with client,performance project discussion review report,meeting report planning meeting meeting,5,-0.892706938
7/13/2024 23:00,Client meeting,review update planning planning discussion project discussion review,review sales update report strategy project meeting,7,0.571113913
7/13/2024 23:30,Plan strategy session,strategy update update sales report meeting performance discussion,report update meeting sales performance report project meeting,8,0.693394184
7/14/2024 0:00,Review Q2 performance,meeting update sales discussion meeting discussion meeting sales discussion strategy,project discussion review discussion discussion,5,-0.044527974
7/14/2024 0:30,Review Q2 performance,report strategy update review update meeting discussion report update,performance planning review update performance review,6,-0.601286667
7/14/2024 1:00,Plan strategy session,meeting strategy performance performance sales sales,sales project project project review review review,7,0.37435899
7/14/2024 1:30,Prepare sales report,meeting sales strategy performance update,performance strategy performance strategy strategy project update report review discussion,10,-0.443212041
7/14/2024 2:00,Analyze market trends,report performance strategy report planning meeting,performance sales sales sales strategy report,6,-0.960486707
7/14/2024 2:30,Discuss project updates,project planning performance discussion review meeting,discussion performance planning discussion meeting,5,-0.071079058
7/14/2024 3:00,Discuss project updates,discussion project planning planning report discussion report discussion performance,project update performance strategy review discussion project review,8,0.662470195
7/14/2024 3:30,Review Q2 performance,meeting report discussion sales strategy review meeting,report strategy project performance report,5,0.876550447
7/14/2024 4:00,Follow up with client,project discussion meeting discussion performance meeting strategy review update meeting,discussion discussion meeting review update discussion sales report,8,-0.004647289
7/14/2024 4:30,Client meeting,report update meeting update update discussion strategy,discussion project update report meeting review meeting strategy update report,10,0.326331837
7/14/2024 5:00,Prepare sales report,update planning update report performance update project performance strategy,sales report performance strategy report sales,6,0.286143532
7/14/2024 5:30,Client meeting,sales project planning strategy project performance,sales review strategy discussion planning meeting review strategy,8,0.602905565
7/14/2024 6:00,Plan strategy session,sales meeting planning performance update,meeting update discussion sales report,5,-0.945086908
7/14/2024 6:30,Client meeting,strategy review project planning discussion meeting report performance,discussion update meeting report project project sales project report sales,10,-0.275949637
7/14/2024 7:00,Prepare sales report,report project strategy project report meeting,strategy planning strategy review discussion discussion,6,-0.689940685
7/14/2024 7:30,Prepare presentation,report discussion meeting project planning update discussion,planning review strategy discussion strategy planning review performance performance sales,10,-0.265839274
7/14/2024 8:00,Plan strategy session,sales review meeting planning performance report strategy review,strategy update strategy planning review report strategy performance,8,0.256640972
7/14/2024 8:30,Client meeting,report review strategy discussion report planning review sales discussion sales,planning discussion discussion project planning project planning,7,-0.62450949
7/14/2024 9:00,Review Q2 performance,sales update report meeting update meeting sales,performance discussion meeting meeting strategy update,6,0.671993835
7/14/2024 9:30,Prepare sales report,review discussion discussion discussion strategy planning,strategy update meeting strategy report,5,0.825939597
7/14/2024 10:00,Prepare presentation,strategy meeting report discussion meeting sales report performance,report meeting sales sales planning performance report,7,-0.010845755
7/14/2024 10:30,Update project documentation,discussion report project strategy report report review,discussion sales update strategy update update planning meeting sales,9,0.601127382
7/14/2024 11:00,Discuss project updates,discussion discussion project update report report update report,strategy strategy project performance project discussion update discussion discussion,9,-0.574711436
7/14/2024 11:30,Client meeting,discussion sales discussion sales discussion meeting review project update,update performance planning performance review,5,-0.539363143
7/14/2024 12:00,Review Q2 performance,performance performance performance discussion sales meeting meeting report update,strategy planning report strategy update discussion sales report,8,0.078743659
7/14/2024 12:30,Discuss project updates,update meeting strategy discussion discussion report meeting review strategy sales,update meeting performance review discussion review discussion project update,9,0.968432806
7/14/2024 13:00,Discuss project updates,sales planning project review project,planning update meeting report planning report report sales,8,0.636553781
7/14/2024 13:30,Prepare sales report,planning planning project discussion planning performance,review performance discussion discussion performance,5,0.986398692
7/14/2024 14:00,Discuss project updates,sales update review review update sales,performance report update report planning review update review,8,0.775472464
7/14/2024 14:30,Review Q2 performance,project review discussion planning strategy,update review report sales discussion performance project discussion performance,9,0.661138364
7/14/2024 15:00,Update project documentation,planning performance discussion report discussion review,discussion review update meeting discussion update sales strategy,8,-0.406454816
7/14/2024 15:30,Discuss project updates,sales update project performance performance,discussion update strategy review sales,5,0.496774932
7/14/2024 16:00,Team meeting,strategy discussion review update update strategy report,performance project update planning performance review report project update,9,0.617092709
7/14/2024 16:30,Prepare sales report,update report review discussion project sales strategy update strategy,meeting project discussion sales meeting performance report discussion planning meeting,10,0.221148462
7/14/2024 17:00,Prepare sales report,discussion discussion update planning report update,meeting sales meeting planning strategy meeting,6,-0.648595474
7/14/2024 17:30,Follow up with client,review project project discussion strategy performance sales update strategy,strategy review performance sales discussion performance,6,0.187082545
7/14/2024 18:00,Team meeting,performance sales planning review discussion discussion project review project discussion,report report meeting update update,5,-0.009288747
7/14/2024 18:30,Prepare sales report,report strategy meeting performance planning update report review,sales planning meeting review update review discussion discussion review,9,0.456920457
7/14/2024 19:00,Update project documentation,report meeting report discussion planning update review strategy,project performance project update meeting strategy review review meeting review,10,-0.580652889
7/14/2024 19:30,Discuss project updates,review sales update review project review,report review strategy update update meeting,6,0.645035679
7/14/2024 20:00,Update project documentation,review planning review meeting discussion planning project planning,strategy sales report sales strategy planning strategy,7,-0.72474409
7/14/2024 20:30,Update project documentation,sales review discussion project update,meeting report report planning update sales sales review strategy,9,-0.810043212
7/14/2024 21:00,Review Q2 performance,planning review discussion strategy update performance discussion performance review,performance discussion planning planning performance strategy,6,0.999299913
7/14/2024 21:30,Prepare sales report,project sales performance discussion meeting report project,sales performance update sales planning sales update report,8,0.603891941
7/14/2024 22:00,Follow up with client,meeting discussion sales project update performance strategy performance update sales,strategy update project meeting discussion project meeting review,8,-0.487334732
7/14/2024 22:30,Team meeting,strategy project performance performance review meeting,sales discussion meeting review strategy update strategy planning review report,10,-0.114778159
7/14/2024 23:00,Plan strategy session,meeting review planning report update performance report update discussion,strategy strategy planning discussion update project review review update,9,0.93770715
7/14/2024 23:30,Update project documentation,update report sales performance strategy strategy meeting,meeting project performance performance meeting review,6,-0.23503378
7/15/2024 0:00,Client meeting,performance planning project meeting performance strategy performance,report planning sales update discussion sales,6,0.68843602
7/15/2024 0:30,Follow up with client,performance project performance project planning,review performance project strategy planning planning sales,7,-0.823541873
7/15/2024 1:00,Review Q2 performance,planning discussion review review performance,meeting discussion discussion report sales discussion planning update,8,-0.371416685
7/15/2024 1:30,Prepare presentation,report project review strategy review,discussion review report performance strategy meeting performance strategy,8,-0.592482574
7/15/2024 2:00,Plan strategy session,strategy meeting report planning performance discussion strategy performance strategy review,sales update project meeting strategy meeting planning sales sales performance,10,-0.209603013
7/15/2024 2:30,Client meeting,strategy meeting performance meeting discussion sales,planning project performance update discussion strategy sales report meeting,9,-0.097126498
7/15/2024 3:00,Prepare presentation,discussion performance project meeting meeting sales planning review project,update discussion strategy planning review meeting strategy sales,8,-0.481608402
7/15/2024 3:30,Discuss project updates,sales project sales meeting discussion performance,sales update strategy sales meeting discussion sales sales,8,-0.623164459
7/15/2024 4:00,Review Q2 performance,report strategy strategy update project meeting,sales meeting planning report discussion review review,7,-0.151464155
7/15/2024 4:30,Client meeting,performance review performance project meeting discussion review project performance review,update project project performance discussion,5,0.991983074
7/15/2024 5:00,Prepare sales report,meeting planning sales meeting update performance discussion update report report,meeting sales review discussion planning update update strategy discussion performance,10,-0.321074197
7/15/2024 5:30,Update project documentation,meeting meeting discussion project report performance update strategy meeting planning,performance update sales discussion performance sales,6,0.711561772
7/15/2024 6:00,Plan strategy session,planning planning meeting planning project strategy,project strategy sales strategy project report sales,7,-0.157144401
7/15/2024 6:30,Prepare presentation,review review review strategy update,planning performance meeting strategy sales performance project,7,0.690356605
7/15/2024 7:00,Analyze market trends,update review planning report discussion sales sales planning update planning,project sales update sales review update update update,8,-0.69839782
7/15/2024 7:30,Discuss project updates,meeting update sales discussion strategy,update performance meeting sales sales performance planning,7,-0.242119605
7/15/2024 8:00,Follow up with client,planning update meeting discussion update update discussion,review strategy report sales review strategy meeting update,8,-0.296990875
7/15/2024 8:30,Plan strategy session,review review update meeting discussion,meeting report project review sales update,6,-0.264482479
7/15/2024 9:00,Plan strategy session,strategy meeting performance project discussion discussion discussion,sales performance sales review strategy performance planning,7,-0.960031354
7/15/2024 9:30,Prepare presentation,update review update discussion report planning sales,planning meeting meeting strategy performance meeting meeting update discussion report,10,-0.876650661
7/15/2024 10:00,Client meeting,update review update sales review review report,review strategy discussion report report update strategy,7,0.848652498
7/15/2024 10:30,Prepare sales report,sales project project review sales review review meeting review review,meeting update planning strategy sales,5,-0.968030897
7/15/2024 11:00,Prepare presentation,planning strategy strategy project update performance update discussion project strategy,strategy meeting meeting planning project report sales meeting,8,-0.360241431
7/15/2024 11:30,Analyze market trends,strategy update report strategy discussion performance meeting,update performance discussion strategy performance report meeting discussion review planning,10,0.823847722
7/15/2024 12:00,Prepare sales report,sales review sales planning project strategy performance meeting planning sales,meeting performance meeting report report strategy,6,-0.262198887
7/15/2024 12:30,Review Q2 performance,strategy meeting planning planning meeting update,meeting update strategy performance sales update,6,-0.466400863
7/15/2024 13:00,Team meeting,meeting performance planning strategy update discussion project planning planning meeting,discussion discussion performance meeting project review sales,7,-0.191951641
7/15/2024 13:30,Team meeting,report report discussion review meeting sales performance planning,report report performance update performance project review strategy,8,0.824650843
7/15/2024 14:00,Prepare presentation,sales report sales update review review performance meeting performance review,discussion performance update planning performance discussion update,7,-0.869121168
7/15/2024 14:30,Client meeting,review update discussion performance review,strategy sales strategy discussion planning performance sales planning,8,-0.003436565
7/15/2024 15:00,Analyze market trends,report performance strategy update discussion review report update,sales project sales sales strategy meeting performance sales report update,10,0.23348303
7/15/2024 15:30,Prepare presentation,sales sales review sales performance,meeting report sales meeting performance,5,-0.52700918
7/15/2024 16:00,Follow up with client,update performance update performance report performance discussion meeting planning,strategy strategy strategy discussion planning discussion update discussion update,9,-0.967287995
7/15/2024 16:30,Update project documentation,update review project update report update discussion planning,planning discussion sales sales planning sales report project update,9,-0.31366043
7/15/2024 17:00,Review Q2 performance,planning review planning project update project discussion performance,review project planning planning planning discussion,6,-0.005684613
7/15/2024 17:30,Follow up with client,update review discussion discussion update review planning planning project,review planning sales review strategy,5,0.248573676
7/15/2024 18:00,Plan strategy session,project meeting update planning update project meeting,meeting discussion sales planning strategy performance,6,0.217839625
7/15/2024 18:30,Discuss project updates,meeting strategy update strategy performance meeting report report planning sales,review performance discussion project project discussion,6,-0.043060678
7/15/2024 19:00,Plan strategy session,strategy project update meeting sales,report meeting discussion performance report report sales,7,0.738587726
7/15/2024 19:30,Discuss project updates,project discussion project planning update performance discussion project performance,sales update strategy meeting project review report review review report,10,-0.216304025
7/15/2024 20:00,Plan strategy session,strategy strategy sales planning meeting update,review strategy update performance meeting meeting strategy report sales,9,0.311036529
7/15/2024 20:30,Discuss project updates,performance planning project review report review review discussion,review planning update review report sales planning report project update,10,0.24895235
7/15/2024 21:00,Team meeting,review performance planning report review update review report meeting,update update project update meeting project discussion strategy,8,0.34063742
7/15/2024 21:30,Client meeting,update performance project project project meeting sales,planning strategy review project review sales discussion strategy,8,-0.950981218
7/15/2024 22:00,Plan strategy session,strategy discussion discussion performance sales,performance planning strategy planning meeting sales project strategy performance,9,-0.901998794
7/15/2024 22:30,Prepare sales report,review project performance review report meeting discussion planning,planning report meeting review review,5,-0.855351359
7/15/2024 23:00,Analyze market trends,project strategy project report update,performance update performance meeting review report discussion strategy meeting review,10,-0.024903478
7/15/2024 23:30,Prepare presentation,discussion update discussion planning project strategy,meeting meeting report discussion review performance discussion strategy review review,10,-0.775897293
7/16/2024 0:00,Team meeting,discussion review performance planning strategy performance discussion update update review,discussion discussion report discussion sales update report update sales strategy,10,0.231518103
7/16/2024 0:30,Prepare presentation,planning discussion update meeting meeting sales discussion performance update,update performance strategy meeting meeting,5,-0.534570382
7/16/2024 1:00,Prepare presentation,discussion sales planning meeting strategy,discussion planning performance discussion performance sales performance,7,-0.138604794
7/16/2024 1:30,Discuss project updates,report performance discussion performance discussion project review,report meeting planning sales update sales,6,-0.80794906
7/16/2024 2:00,Prepare sales report,strategy review review report project discussion discussion,planning discussion review update meeting update,6,0.876276256
7/16/2024 2:30,Prepare sales report,report report performance strategy strategy performance project meeting discussion,planning sales review project strategy strategy,6,-0.036886984
7/16/2024 3:00,Plan strategy session,sales strategy update sales performance meeting strategy meeting discussion report,project update update planning update discussion sales,7,0.838694481
7/16/2024 3:30,Prepare sales report,performance report review strategy discussion,update update project discussion review project,6,-0.68731757
7/16/2024 4:00,Prepare presentation,project sales sales discussion review review review,meeting review sales project strategy project review,7,0.207961254
7/16/2024 4:30,Update project documentation,project meeting report performance performance meeting strategy strategy meeting update,review strategy review planning project report meeting performance performance report,10,-0.037489352
7/16/2024 5:00,Update project documentation,sales discussion discussion report strategy meeting project planning strategy review,strategy strategy planning report update strategy strategy,7,0.017430099
7/16/2024 5:30,Prepare sales report,discussion report report meeting meeting review update review strategy planning,review report planning sales update discussion performance performance strategy,9,0.94487315
7/16/2024 6:00,Plan strategy session,report project strategy meeting meeting update discussion,strategy meeting strategy discussion report review report report performance sales,10,-0.25883296
7/16/2024 6:30,Prepare presentation,sales project report meeting meeting strategy performance report,project planning strategy performance strategy report,6,-0.701975201
7/16/2024 7:00,Analyze market trends,review sales planning update planning,update sales discussion project report discussion performance sales discussion,9,0.666980388
7/16/2024 7:30,Prepare sales report,discussion sales report meeting strategy project,planning review review report review report discussion review,8,-0.361197471
7/16/2024 8:00,Update project documentation,sales project planning report sales review performance,project sales meeting performance review performance update update update,9,-0.299410204
7/16/2024 8:30,Client meeting,strategy report review report update meeting review,project performance strategy planning performance update performance meeting report discussion,10,0.710182135
7/16/2024 9:00,Update project documentation,performance strategy discussion strategy project report sales meeting strategy,planning sales sales update meeting planning,6,0.233913154
7/16/2024 9:30,Prepare sales report,update sales meeting strategy report planning review,sales report project update project meeting,6,-0.392213576
7/16/2024 10:00,Client meeting,performance sales discussion planning sales performance,discussion planning sales project project sales sales performance sales discussion,10,0.356341019
7/16/2024 10:30,Update project documentation,strategy performance discussion report report report,strategy update update discussion planning project report strategy discussion discussion,10,0.656246561
7/16/2024 11:00,Client meeting,meeting review review update discussion update discussion,project discussion performance review strategy update meeting meeting,8,0.80074131
7/16/2024 11:30,Analyze market trends,performance performance report update report,meeting strategy planning meeting meeting,5,0.754949435
7/16/2024 12:00,Team meeting,sales discussion strategy meeting sales meeting,project report discussion planning sales planning review,7,0.253524315
7/16/2024 12:30,Discuss project updates,update report review strategy performance review,discussion project update performance project,5,-0.640896559
7/16/2024 13:00,Prepare presentation,meeting planning meeting project performance review,update review project planning review review,6,0.448856922
7/16/2024 13:30,Client meeting,performance performance update performance update planning sales report update,meeting update report discussion discussion review project review performance review,10,0.233344566
7/16/2024 14:00,Client meeting,review review sales discussion discussion performance project update,update project planning sales review planning strategy report project project,10,-0.890655166
7/16/2024 14:30,Plan strategy session,performance sales strategy performance review report meeting meeting,planning project strategy strategy discussion sales sales meeting update,9,0.520739957
7/16/2024 15:00,Team meeting,strategy update meeting project discussion meeting sales discussion report,project review meeting update report update,6,-0.011974586
7/16/2024 15:30,Client meeting,discussion strategy report review performance sales meeting,update meeting planning sales review update,6,-0.835008781
7/16/2024 16:00,Plan strategy session,performance sales meeting planning project project performance,update planning strategy strategy update report,6,-0.034490462
7/16/2024 16:30,Discuss project updates,meeting sales strategy project strategy review planning planning,update sales report planning sales report planning,7,0.813517958
